record_id,caller,receiver,start_time,duration_seconds,tower_location,source_note
SYN-d19a0c50df-COPPER-C-0334,SYN-0000000014,SYN-0000000011,2026-08-05T22:06:00.000Z,53,Noida Sector 62,Synthetic routine dispatch/maintenance communication. Phone identities are defined only by the fictional source inventory.
SYN-d19a0c50df-COPPER-C-0335,SYN-0000000015,SYN-0000000013,2026-08-05T22:18:00.000Z,139,Faridabad Sector 15,Synthetic routine dispatch/maintenance communication. Phone identities are defined only by the fictional source inventory.
SYN-d19a0c50df-COPPER-C-0336,SYN-0000000011,SYN-0000000013,2026-08-05T22:30:00.000Z,238,Delhi Cantonment,Synthetic routine dispatch/maintenance communication. Phone identities are defined only by the fictional source inventory.
SYN-d19a0c50df-COPPER-C-0337,SYN-0000000012,SYN-0000000013,2026-08-05T22:42:00.000Z,498,Noida Sector 62,Synthetic routine dispatch/maintenance communication. Phone identities are defined only by the fictional source inventory.
SYN-d19a0c50df-COPPER-C-0338,SYN-0000000013,SYN-0000000011,2026-08-05T22:54:00.000Z,312,Faridabad Sector 15,Synthetic routine dispatch/maintenance communication. Phone identities are defined only by the fictional source inventory.
SYN-d19a0c50df-COPPER-C-0339,SYN-0000000014,SYN-0000000012,2026-08-05T23:06:00.000Z,183,Delhi Cantonment,Synthetic routine dispatch/maintenance communication. Phone identities are defined only by the fictional source inventory.
SYN-d19a0c50df-COPPER-C-0340,SYN-0000000015,SYN-0000000013,2026-08-05T23:18:00.000Z,189,Noida Sector 62,Synthetic routine dispatch/maintenance communication. Phone identities are defined only by the fictional source inventory.
SYN-d19a0c50df-COPPER-C-0341,SYN-0000000011,SYN-0000000013,2026-08-05T23:32:00.000Z,103,Faridabad Sector 15,Synthetic routine dispatch/maintenance communication. Phone identities are defined only by the fictional source inventory.
SYN-d19a0c50df-COPPER-C-0342,SYN-0000000012,SYN-0000000014,2026-08-05T23:42:00.000Z,464,Delhi Cantonment,Synthetic routine dispatch/maintenance communication. Phone identities are defined only by the fictional source inventory.
SYN-d19a0c50df-COPPER-C-0343,SYN-0000000013,SYN-0000000014,2026-08-05T23:54:00.000Z,0,Noida Sector 62,Synthetic unanswered call. Tower label alone does not prove subscriber location.
SYN-d19a0c50df-COPPER-C-0344,SYN-0000000014,SYN-0000000012,2026-08-06T00:06:00.000Z,309,Faridabad Sector 15,Synthetic routine dispatch/maintenance communication. Phone identities are defined only by the fictional source inventory.
SYN-d19a0c50df-COPPER-C-0345,SYN-0000000015,SYN-0000000011,2026-08-06T00:18:00.000Z,431,Delhi Cantonment,Synthetic routine dispatch/maintenance communication. Phone identities are defined only by the fictional source inventory.
SYN-d19a0c50df-COPPER-C-0346,SYN-0000000011,SYN-0000000013,2026-08-06T00:30:00.000Z,107,Noida Sector 62,Synthetic routine dispatch/maintenance communication. Phone identities are defined only by the fictional source inventory.
SYN-d19a0c50df-COPPER-C-0347,SYN-0000000012,SYN-0000000015,2026-08-06T00:42:00.000Z,107,Faridabad Sector 15,Synthetic routine dispatch/maintenance communication. Phone identities are defined only by the fictional source inventory.
SYN-d19a0c50df-COPPER-C-0348,SYN-0000000013,SYN-0000000015,2026-08-06T00:54:00.000Z,310,Delhi Cantonment,Synthetic routine dispatch/maintenance communication. Phone identities are defined only by the fictional source inventory.
SYN-d19a0c50df-COPPER-C-0349,SYN-0000000014,SYN-0000000011,2026-08-06T01:06:00.000Z,166,Noida Sector 62,Synthetic routine dispatch/maintenance communication. Phone identities are defined only by the fictional source inventory.
SYN-d19a0c50df-COPPER-C-0350,SYN-0000000015,SYN-0000000011,2026-08-06T01:18:00.000Z,225,Faridabad Sector 15,Synthetic routine dispatch/maintenance communication. Phone identities are defined only by the fictional source inventory.
SYN-d19a0c50df-COPPER-C-0351,SYN-0000000011,SYN-0000000012,2026-08-06T01:30:00.000Z,468,Delhi Cantonment,Synthetic routine dispatch/maintenance communication. Phone identities are defined only by the fictional source inventory.
SYN-d19a0c50df-COPPER-C-0352,SYN-0000000012,SYN-0000000013,2026-08-06T01:42:00.000Z,161,Noida Sector 62,Synthetic routine dispatch/maintenance communication. Phone identities are defined only by the fictional source inventory.
SYN-d19a0c50df-COPPER-C-0353,SYN-0000000013,SYN-0000000014,2026-08-06T01:54:00.000Z,444,Faridabad Sector 15,Synthetic routine dispatch/maintenance communication. Phone identities are defined only by the fictional source inventory.
SYN-d19a0c50df-COPPER-C-0354,SYN-0000000014,SYN-0000000011,2026-08-06T02:06:00.000Z,452,Delhi Cantonment,Synthetic routine dispatch/maintenance communication. Phone identities are defined only by the fictional source inventory.
SYN-d19a0c50df-COPPER-C-0355,SYN-0000000015,SYN-0000000013,2026-08-06T02:18:00.000Z,39,Noida Sector 62,Synthetic routine dispatch/maintenance communication. Phone identities are defined only by the fictional source inventory.
SYN-d19a0c50df-COPPER-C-0356,SYN-0000000011,SYN-0000000012,2026-08-06T02:30:00.000Z,123,Faridabad Sector 15,Synthetic routine dispatch/maintenance communication. Phone identities are defined only by the fictional source inventory.
SYN-d19a0c50df-COPPER-C-0357,SYN-0000000012,SYN-0000000013,2026-08-06T02:42:00.000Z,64,Delhi Cantonment,Synthetic routine dispatch/maintenance communication. Phone identities are defined only by the fictional source inventory.
SYN-d19a0c50df-COPPER-C-0358,SYN-0000000013,SYN-0000000015,2026-08-06T02:56:00.000Z,138,Noida Sector 62,Synthetic routine dispatch/maintenance communication. Phone identities are defined only by the fictional source inventory.
SYN-d19a0c50df-COPPER-C-0359,SYN-0000000014,SYN-0000000011,2026-08-06T03:06:00.000Z,237,Faridabad Sector 15,Synthetic routine dispatch/maintenance communication. Phone identities are defined only by the fictional source inventory.
SYN-d19a0c50df-COPPER-C-0360,SYN-0000000015,SYN-0000000011,2026-08-06T03:18:00.000Z,21,Delhi Cantonment,Synthetic routine dispatch/maintenance communication. Phone identities are defined only by the fictional source inventory.
SYN-d19a0c50df-COPPER-C-0361,SYN-0000000011,SYN-0000000013,2026-08-06T03:30:00.000Z,71,Noida Sector 62,Synthetic routine dispatch/maintenance communication. Phone identities are defined only by the fictional source inventory.
SYN-d19a0c50df-COPPER-C-0362,SYN-0000000012,SYN-0000000014,2026-08-06T03:42:00.000Z,0,Faridabad Sector 15,Synthetic unanswered call. Tower label alone does not prove subscriber location.
SYN-d19a0c50df-COPPER-C-0363,SYN-0000000013,SYN-0000000015,2026-08-06T03:54:00.000Z,73,Delhi Cantonment,Synthetic routine dispatch/maintenance communication. Phone identities are defined only by the fictional source inventory.
SYN-d19a0c50df-COPPER-C-0364,SYN-0000000014,SYN-0000000015,2026-08-06T04:06:00.000Z,105,Noida Sector 62,Synthetic routine dispatch/maintenance communication. Phone identities are defined only by the fictional source inventory.
SYN-d19a0c50df-COPPER-C-0365,SYN-0000000015,SYN-0000000011,2026-08-06T04:18:00.000Z,271,Faridabad Sector 15,Synthetic routine dispatch/maintenance communication. Phone identities are defined only by the fictional source inventory.
SYN-d19a0c50df-COPPER-C-0366,SYN-0000000011,SYN-0000000013,2026-08-06T04:30:00.000Z,498,Delhi Cantonment,Synthetic routine dispatch/maintenance communication. Phone identities are defined only by the fictional source inventory.
SYN-d19a0c50df-COPPER-C-0367,SYN-0000000012,SYN-0000000014,2026-08-06T04:42:00.000Z,433,Noida Sector 62,Synthetic routine dispatch/maintenance communication. Phone identities are defined only by the fictional source inventory.
SYN-d19a0c50df-COPPER-C-0368,SYN-0000000013,SYN-0000000011,2026-08-06T04:54:00.000Z,230,Faridabad Sector 15,Synthetic routine dispatch/maintenance communication. Phone identities are defined only by the fictional source inventory.
SYN-d19a0c50df-COPPER-C-0369,SYN-0000000014,SYN-0000000012,2026-08-06T05:06:00.000Z,303,Delhi Cantonment,Synthetic routine dispatch/maintenance communication. Phone identities are defined only by the fictional source inventory.
SYN-d19a0c50df-COPPER-C-0370,SYN-0000000015,SYN-0000000012,2026-08-06T05:18:00.000Z,101,Noida Sector 62,Synthetic routine dispatch/maintenance communication. Phone identities are defined only by the fictional source inventory.
SYN-d19a0c50df-COPPER-C-0371,SYN-0000000011,SYN-0000000014,2026-08-06T05:30:00.000Z,28,Faridabad Sector 15,Synthetic routine dispatch/maintenance communication. Phone identities are defined only by the fictional source inventory.
SYN-d19a0c50df-COPPER-C-0372,SYN-0000000012,SYN-0000000013,2026-08-06T05:42:00.000Z,439,Delhi Cantonment,Synthetic routine dispatch/maintenance communication. Phone identities are defined only by the fictional source inventory.
SYN-d19a0c50df-COPPER-C-0373,SYN-0000000013,SYN-0000000015,2026-08-06T05:54:00.000Z,376,Noida Sector 62,Synthetic routine dispatch/maintenance communication. Phone identities are defined only by the fictional source inventory.
SYN-d19a0c50df-COPPER-C-0374,SYN-0000000014,SYN-0000000012,2026-08-06T06:06:00.000Z,228,Faridabad Sector 15,Synthetic routine dispatch/maintenance communication. Phone identities are defined only by the fictional source inventory.
SYN-d19a0c50df-COPPER-C-0375,SYN-0000000015,SYN-0000000012,2026-08-06T06:20:00.000Z,130,Delhi Cantonment,Synthetic routine dispatch/maintenance communication. Phone identities are defined only by the fictional source inventory.
SYN-d19a0c50df-COPPER-C-0376,SYN-0000000011,SYN-0000000012,2026-08-06T06:30:00.000Z,226,Noida Sector 62,Synthetic routine dispatch/maintenance communication. Phone identities are defined only by the fictional source inventory.
SYN-d19a0c50df-COPPER-C-0377,SYN-0000000012,SYN-0000000013,2026-08-06T06:42:00.000Z,490,Faridabad Sector 15,Synthetic routine dispatch/maintenance communication. Phone identities are defined only by the fictional source inventory.
SYN-d19a0c50df-COPPER-C-0378,SYN-0000000013,SYN-0000000011,2026-08-06T06:54:00.000Z,85,Delhi Cantonment,Synthetic routine dispatch/maintenance communication. Phone identities are defined only by the fictional source inventory.
SYN-d19a0c50df-COPPER-C-0379,SYN-0000000014,SYN-0000000012,2026-08-06T07:06:00.000Z,65,Noida Sector 62,Synthetic routine dispatch/maintenance communication. Phone identities are defined only by the fictional source inventory.
SYN-d19a0c50df-COPPER-C-0380,SYN-0000000015,SYN-0000000011,2026-08-06T07:18:00.000Z,184,Faridabad Sector 15,Synthetic routine dispatch/maintenance communication. Phone identities are defined only by the fictional source inventory.
SYN-d19a0c50df-COPPER-C-0381,SYN-0000000011,SYN-0000000012,2026-08-06T07:30:00.000Z,0,Delhi Cantonment,Synthetic unanswered call. Tower label alone does not prove subscriber location.
SYN-d19a0c50df-COPPER-C-0382,SYN-0000000012,SYN-0000000013,2026-08-06T07:42:00.000Z,36,Noida Sector 62,Synthetic routine dispatch/maintenance communication. Phone identities are defined only by the fictional source inventory.
SYN-d19a0c50df-COPPER-C-0383,SYN-0000000013,SYN-0000000011,2026-08-06T07:54:00.000Z,360,Faridabad Sector 15,Synthetic routine dispatch/maintenance communication. Phone identities are defined only by the fictional source inventory.
SYN-d19a0c50df-COPPER-C-0384,SYN-0000000014,SYN-0000000015,2026-08-06T08:06:00.000Z,27,Delhi Cantonment,Synthetic routine dispatch/maintenance communication. Phone identities are defined only by the fictional source inventory.
SYN-d19a0c50df-COPPER-C-0385,SYN-0000000015,SYN-0000000012,2026-08-06T08:18:00.000Z,211,Noida Sector 62,Synthetic routine dispatch/maintenance communication. Phone identities are defined only by the fictional source inventory.
SYN-d19a0c50df-COPPER-C-0386,SYN-0000000011,SYN-0000000012,2026-08-06T08:30:00.000Z,418,Faridabad Sector 15,Synthetic routine dispatch/maintenance communication. Phone identities are defined only by the fictional source inventory.
SYN-d19a0c50df-COPPER-C-0387,SYN-0000000012,SYN-0000000015,2026-08-06T08:42:00.000Z,250,Delhi Cantonment,Synthetic routine dispatch/maintenance communication. Phone identities are defined only by the fictional source inventory.
SYN-d19a0c50df-COPPER-C-0388,SYN-0000000013,SYN-0000000015,2026-08-06T08:54:00.000Z,358,Noida Sector 62,Synthetic routine dispatch/maintenance communication. Phone identities are defined only by the fictional source inventory.
SYN-d19a0c50df-COPPER-C-0389,SYN-0000000014,SYN-0000000012,2026-08-06T09:06:00.000Z,102,Faridabad Sector 15,Synthetic routine dispatch/maintenance communication. Phone identities are defined only by the fictional source inventory.
SYN-d19a0c50df-COPPER-C-0390,SYN-0000000015,SYN-0000000011,2026-08-06T09:18:00.000Z,328,Delhi Cantonment,Synthetic routine dispatch/maintenance communication. Phone identities are defined only by the fictional source inventory.
SYN-d19a0c50df-COPPER-C-0391,SYN-0000000011,SYN-0000000014,2026-08-06T09:30:00.000Z,158,Noida Sector 62,Synthetic routine dispatch/maintenance communication. Phone identities are defined only by the fictional source inventory.
SYN-d19a0c50df-COPPER-C-0392,SYN-0000000012,SYN-0000000013,2026-08-06T09:44:00.000Z,163,Faridabad Sector 15,Synthetic routine dispatch/maintenance communication. Phone identities are defined only by the fictional source inventory.
SYN-d19a0c50df-COPPER-C-0393,SYN-0000000013,SYN-0000000014,2026-08-06T09:54:00.000Z,141,Delhi Cantonment,Synthetic routine dispatch/maintenance communication. Phone identities are defined only by the fictional source inventory.
SYN-d19a0c50df-COPPER-C-0394,SYN-0000000014,SYN-0000000012,2026-08-06T10:06:00.000Z,33,Noida Sector 62,Synthetic routine dispatch/maintenance communication. Phone identities are defined only by the fictional source inventory.
SYN-d19a0c50df-COPPER-C-0395,SYN-0000000015,SYN-0000000012,2026-08-06T10:18:00.000Z,186,Faridabad Sector 15,Synthetic routine dispatch/maintenance communication. Phone identities are defined only by the fictional source inventory.
SYN-d19a0c50df-COPPER-C-0396,SYN-0000000011,SYN-0000000013,2026-08-06T10:30:00.000Z,41,Delhi Cantonment,Synthetic routine dispatch/maintenance communication. Phone identities are defined only by the fictional source inventory.
SYN-d19a0c50df-COPPER-C-0397,SYN-0000000012,SYN-0000000014,2026-08-06T10:42:00.000Z,152,Noida Sector 62,Synthetic routine dispatch/maintenance communication. Phone identities are defined only by the fictional source inventory.
SYN-d19a0c50df-COPPER-C-0398,SYN-0000000013,SYN-0000000015,2026-08-06T10:54:00.000Z,449,Faridabad Sector 15,Synthetic routine dispatch/maintenance communication. Phone identities are defined only by the fictional source inventory.
SYN-d19a0c50df-COPPER-C-0399,SYN-0000000014,SYN-0000000012,2026-08-06T11:06:00.000Z,188,Delhi Cantonment,Synthetic routine dispatch/maintenance communication. Phone identities are defined only by the fictional source inventory.
SYN-d19a0c50df-COPPER-C-0400,SYN-0000000015,SYN-0000000011,2026-08-06T11:18:00.000Z,0,Noida Sector 62,Synthetic unanswered call. Tower label alone does not prove subscriber location.
SYN-d19a0c50df-COPPER-C-0401,SYN-0000000011,SYN-0000000014,2026-08-06T11:30:00.000Z,376,Faridabad Sector 15,Synthetic routine dispatch/maintenance communication. Phone identities are defined only by the fictional source inventory.
SYN-d19a0c50df-COPPER-C-0402,SYN-0000000012,SYN-0000000015,2026-08-06T11:42:00.000Z,417,Delhi Cantonment,Synthetic routine dispatch/maintenance communication. Phone identities are defined only by the fictional source inventory.
SYN-d19a0c50df-COPPER-C-0403,SYN-0000000013,SYN-0000000011,2026-08-06T11:54:00.000Z,181,Noida Sector 62,Synthetic routine dispatch/maintenance communication. Phone identities are defined only by the fictional source inventory.
SYN-d19a0c50df-COPPER-C-0404,SYN-0000000014,SYN-0000000012,2026-08-06T12:06:00.000Z,466,Faridabad Sector 15,Synthetic routine dispatch/maintenance communication. Phone identities are defined only by the fictional source inventory.
SYN-d19a0c50df-COPPER-C-0405,SYN-0000000015,SYN-0000000012,2026-08-06T12:18:00.000Z,268,Delhi Cantonment,Synthetic routine dispatch/maintenance communication. Phone identities are defined only by the fictional source inventory.
SYN-d19a0c50df-COPPER-C-0406,SYN-0000000011,SYN-0000000014,2026-08-06T12:30:00.000Z,410,Noida Sector 62,Synthetic routine dispatch/maintenance communication. Phone identities are defined only by the fictional source inventory.
SYN-d19a0c50df-COPPER-C-0407,SYN-0000000012,SYN-0000000013,2026-08-06T12:42:00.000Z,401,Faridabad Sector 15,Synthetic routine dispatch/maintenance communication. Phone identities are defined only by the fictional source inventory.
SYN-d19a0c50df-COPPER-C-0408,SYN-0000000013,SYN-0000000014,2026-08-06T12:54:00.000Z,226,Delhi Cantonment,Synthetic routine dispatch/maintenance communication. Phone identities are defined only by the fictional source inventory.
SYN-d19a0c50df-COPPER-C-0409,SYN-0000000014,SYN-0000000012,2026-08-06T13:08:00.000Z,41,Noida Sector 62,Synthetic routine dispatch/maintenance communication. Phone identities are defined only by the fictional source inventory.
SYN-d19a0c50df-COPPER-C-0410,SYN-0000000015,SYN-0000000012,2026-08-06T13:18:00.000Z,251,Faridabad Sector 15,Synthetic routine dispatch/maintenance communication. Phone identities are defined only by the fictional source inventory.
SYN-d19a0c50df-COPPER-C-0411,SYN-0000000011,SYN-0000000014,2026-08-06T13:30:00.000Z,91,Delhi Cantonment,Synthetic routine dispatch/maintenance communication. Phone identities are defined only by the fictional source inventory.
SYN-d19a0c50df-COPPER-C-0412,SYN-0000000012,SYN-0000000013,2026-08-06T13:42:00.000Z,143,Noida Sector 62,Synthetic routine dispatch/maintenance communication. Phone identities are defined only by the fictional source inventory.
SYN-d19a0c50df-COPPER-C-0413,SYN-0000000013,SYN-0000000014,2026-08-06T13:54:00.000Z,365,Faridabad Sector 15,Synthetic routine dispatch/maintenance communication. Phone identities are defined only by the fictional source inventory.
SYN-d19a0c50df-COPPER-C-0414,SYN-0000000014,SYN-0000000011,2026-08-06T14:06:00.000Z,68,Delhi Cantonment,Synthetic routine dispatch/maintenance communication. Phone identities are defined only by the fictional source inventory.
SYN-d19a0c50df-COPPER-C-0415,SYN-0000000015,SYN-0000000013,2026-08-06T14:18:00.000Z,297,Noida Sector 62,Synthetic routine dispatch/maintenance communication. Phone identities are defined only by the fictional source inventory.
SYN-d19a0c50df-COPPER-C-0416,SYN-0000000011,SYN-0000000012,2026-08-06T14:30:00.000Z,412,Faridabad Sector 15,Synthetic routine dispatch/maintenance communication. Phone identities are defined only by the fictional source inventory.
SYN-d19a0c50df-COPPER-C-0417,SYN-0000000012,SYN-0000000013,2026-08-06T14:42:00.000Z,443,Delhi Cantonment,Synthetic routine dispatch/maintenance communication. Phone identities are defined only by the fictional source inventory.
SYN-d19a0c50df-COPPER-C-0418,SYN-0000000013,SYN-0000000015,2026-08-06T14:54:00.000Z,254,Noida Sector 62,Synthetic routine dispatch/maintenance communication. Phone identities are defined only by the fictional source inventory.
SYN-d19a0c50df-COPPER-C-0419,SYN-0000000014,SYN-0000000012,2026-08-06T15:06:00.000Z,0,Faridabad Sector 15,Synthetic unanswered call. Tower label alone does not prove subscriber location.
SYN-d19a0c50df-COPPER-C-0420,SYN-0000000015,SYN-0000000011,2026-08-06T15:18:00.000Z,85,Delhi Cantonment,Synthetic routine dispatch/maintenance communication. Phone identities are defined only by the fictional source inventory.
SYN-d19a0c50df-COPPER-C-0421,SYN-0000000011,SYN-0000000013,2026-08-06T15:30:00.000Z,315,Noida Sector 62,Synthetic routine dispatch/maintenance communication. Phone identities are defined only by the fictional source inventory.
SYN-d19a0c50df-COPPER-C-0422,SYN-0000000012,SYN-0000000015,2026-08-06T15:42:00.000Z,173,Faridabad Sector 15,Synthetic routine dispatch/maintenance communication. Phone identities are defined only by the fictional source inventory.
SYN-d19a0c50df-COPPER-C-0423,SYN-0000000013,SYN-0000000011,2026-08-06T15:54:00.000Z,335,Delhi Cantonment,Synthetic routine dispatch/maintenance communication. Phone identities are defined only by the fictional source inventory.
SYN-d19a0c50df-COPPER-C-0424,SYN-0000000014,SYN-0000000012,2026-08-06T16:06:00.000Z,89,Noida Sector 62,Synthetic routine dispatch/maintenance communication. Phone identities are defined only by the fictional source inventory.
SYN-d19a0c50df-COPPER-C-0425,SYN-0000000015,SYN-0000000012,2026-08-06T16:18:00.000Z,246,Faridabad Sector 15,Synthetic routine dispatch/maintenance communication. Phone identities are defined only by the fictional source inventory.
SYN-d19a0c50df-COPPER-C-0426,SYN-0000000011,SYN-0000000013,2026-08-06T16:32:00.000Z,36,Delhi Cantonment,Synthetic routine dispatch/maintenance communication. Phone identities are defined only by the fictional source inventory.
SYN-d19a0c50df-COPPER-C-0427,SYN-0000000012,SYN-0000000015,2026-08-06T16:42:00.000Z,254,Noida Sector 62,Synthetic routine dispatch/maintenance communication. Phone identities are defined only by the fictional source inventory.
SYN-d19a0c50df-COPPER-C-0428,SYN-0000000013,SYN-0000000014,2026-08-06T16:54:00.000Z,245,Faridabad Sector 15,Synthetic routine dispatch/maintenance communication. Phone identities are defined only by the fictional source inventory.
SYN-d19a0c50df-COPPER-C-0429,SYN-0000000014,SYN-0000000015,2026-08-06T17:06:00.000Z,416,Delhi Cantonment,Synthetic routine dispatch/maintenance communication. Phone identities are defined only by the fictional source inventory.
SYN-d19a0c50df-COPPER-C-0430,SYN-0000000015,SYN-0000000013,2026-08-06T17:18:00.000Z,84,Noida Sector 62,Synthetic routine dispatch/maintenance communication. Phone identities are defined only by the fictional source inventory.
SYN-d19a0c50df-COPPER-C-0431,SYN-0000000011,SYN-0000000014,2026-08-06T17:30:00.000Z,249,Faridabad Sector 15,Synthetic routine dispatch/maintenance communication. Phone identities are defined only by the fictional source inventory.
SYN-d19a0c50df-COPPER-C-0432,SYN-0000000012,SYN-0000000013,2026-08-06T17:42:00.000Z,462,Delhi Cantonment,Synthetic routine dispatch/maintenance communication. Phone identities are defined only by the fictional source inventory.
SYN-d19a0c50df-COPPER-C-0433,SYN-0000000013,SYN-0000000011,2026-08-06T17:54:00.000Z,263,Noida Sector 62,Synthetic routine dispatch/maintenance communication. Phone identities are defined only by the fictional source inventory.
SYN-d19a0c50df-COPPER-C-0434,SYN-0000000014,SYN-0000000015,2026-08-06T18:06:00.000Z,232,Faridabad Sector 15,Synthetic routine dispatch/maintenance communication. Phone identities are defined only by the fictional source inventory.
SYN-d19a0c50df-COPPER-C-0435,SYN-0000000015,SYN-0000000011,2026-08-06T18:18:00.000Z,486,Delhi Cantonment,Synthetic routine dispatch/maintenance communication. Phone identities are defined only by the fictional source inventory.
SYN-d19a0c50df-COPPER-C-0436,SYN-0000000011,SYN-0000000012,2026-08-06T18:30:00.000Z,402,Noida Sector 62,Synthetic routine dispatch/maintenance communication. Phone identities are defined only by the fictional source inventory.
SYN-d19a0c50df-COPPER-C-0437,SYN-0000000012,SYN-0000000015,2026-08-06T18:42:00.000Z,270,Faridabad Sector 15,Synthetic routine dispatch/maintenance communication. Phone identities are defined only by the fictional source inventory.
SYN-d19a0c50df-COPPER-C-0438,SYN-0000000013,SYN-0000000011,2026-08-06T18:54:00.000Z,0,Delhi Cantonment,Synthetic unanswered call. Tower label alone does not prove subscriber location.
SYN-d19a0c50df-COPPER-C-0439,SYN-0000000014,SYN-0000000012,2026-08-06T19:06:00.000Z,226,Noida Sector 62,Synthetic routine dispatch/maintenance communication. Phone identities are defined only by the fictional source inventory.
SYN-d19a0c50df-COPPER-C-0440,SYN-0000000015,SYN-0000000013,2026-08-06T19:18:00.000Z,486,Faridabad Sector 15,Synthetic routine dispatch/maintenance communication. Phone identities are defined only by the fictional source inventory.
SYN-d19a0c50df-COPPER-C-0441,SYN-0000000011,SYN-0000000013,2026-08-06T19:30:00.000Z,94,Delhi Cantonment,Synthetic routine dispatch/maintenance communication. Phone identities are defined only by the fictional source inventory.
SYN-d19a0c50df-COPPER-C-0442,SYN-0000000012,SYN-0000000015,2026-08-06T19:42:00.000Z,318,Noida Sector 62,Synthetic routine dispatch/maintenance communication. Phone identities are defined only by the fictional source inventory.
SYN-d19a0c50df-COPPER-C-0443,SYN-0000000013,SYN-0000000011,2026-08-06T19:56:00.000Z,163,Faridabad Sector 15,Synthetic routine dispatch/maintenance communication. Phone identities are defined only by the fictional source inventory.
SYN-d19a0c50df-COPPER-C-0444,SYN-0000000014,SYN-0000000015,2026-08-06T20:06:00.000Z,227,Delhi Cantonment,Synthetic routine dispatch/maintenance communication. Phone identities are defined only by the fictional source inventory.
SYN-d19a0c50df-COPPER-C-0445,SYN-0000000015,SYN-0000000013,2026-08-06T20:18:00.000Z,63,Noida Sector 62,Synthetic routine dispatch/maintenance communication. Phone identities are defined only by the fictional source inventory.
SYN-d19a0c50df-COPPER-C-0446,SYN-0000000011,SYN-0000000013,2026-08-06T20:30:00.000Z,124,Faridabad Sector 15,Synthetic routine dispatch/maintenance communication. Phone identities are defined only by the fictional source inventory.
SYN-d19a0c50df-COPPER-C-0447,SYN-0000000012,SYN-0000000014,2026-08-06T20:42:00.000Z,292,Delhi Cantonment,Synthetic routine dispatch/maintenance communication. Phone identities are defined only by the fictional source inventory.
SYN-d19a0c50df-COPPER-C-0448,SYN-0000000013,SYN-0000000014,2026-08-06T20:54:00.000Z,309,Noida Sector 62,Synthetic routine dispatch/maintenance communication. Phone identities are defined only by the fictional source inventory.
SYN-d19a0c50df-COPPER-C-0449,SYN-0000000014,SYN-0000000012,2026-08-06T21:06:00.000Z,368,Faridabad Sector 15,Synthetic routine dispatch/maintenance communication. Phone identities are defined only by the fictional source inventory.
SYN-d19a0c50df-COPPER-C-0450,SYN-0000000015,SYN-0000000013,2026-08-06T21:18:00.000Z,274,Delhi Cantonment,Synthetic routine dispatch/maintenance communication. Phone identities are defined only by the fictional source inventory.
SYN-d19a0c50df-COPPER-C-0451,SYN-0000000011,SYN-0000000014,2026-08-06T21:30:00.000Z,199,Noida Sector 62,Synthetic routine dispatch/maintenance communication. Phone identities are defined only by the fictional source inventory.
SYN-d19a0c50df-COPPER-C-0452,SYN-0000000012,SYN-0000000014,2026-08-06T21:42:00.000Z,407,Faridabad Sector 15,Synthetic routine dispatch/maintenance communication. Phone identities are defined only by the fictional source inventory.
SYN-d19a0c50df-COPPER-C-0453,SYN-0000000013,SYN-0000000011,2026-08-06T21:54:00.000Z,217,Delhi Cantonment,Synthetic routine dispatch/maintenance communication. Phone identities are defined only by the fictional source inventory.
SYN-d19a0c50df-COPPER-C-0454,SYN-0000000014,SYN-0000000011,2026-08-06T22:06:00.000Z,61,Noida Sector 62,Synthetic routine dispatch/maintenance communication. Phone identities are defined only by the fictional source inventory.
SYN-d19a0c50df-COPPER-C-0455,SYN-0000000015,SYN-0000000011,2026-08-06T22:18:00.000Z,298,Faridabad Sector 15,Synthetic routine dispatch/maintenance communication. Phone identities are defined only by the fictional source inventory.
SYN-d19a0c50df-COPPER-C-0456,SYN-0000000011,SYN-0000000013,2026-08-06T22:30:00.000Z,442,Delhi Cantonment,Synthetic routine dispatch/maintenance communication. Phone identities are defined only by the fictional source inventory.
SYN-d19a0c50df-COPPER-C-0457,SYN-0000000012,SYN-0000000013,2026-08-06T22:42:00.000Z,0,Noida Sector 62,Synthetic unanswered call. Tower label alone does not prove subscriber location.
SYN-d19a0c50df-COPPER-C-0458,SYN-0000000013,SYN-0000000011,2026-08-06T22:54:00.000Z,181,Faridabad Sector 15,Synthetic routine dispatch/maintenance communication. Phone identities are defined only by the fictional source inventory.
SYN-d19a0c50df-COPPER-C-0459,SYN-0000000014,SYN-0000000011,2026-08-06T23:06:00.000Z,455,Delhi Cantonment,Synthetic routine dispatch/maintenance communication. Phone identities are defined only by the fictional source inventory.
SYN-d19a0c50df-COPPER-C-0460,SYN-0000000015,SYN-0000000012,2026-08-06T23:20:00.000Z,47,Noida Sector 62,Synthetic routine dispatch/maintenance communication. Phone identities are defined only by the fictional source inventory.
SYN-d19a0c50df-COPPER-C-0461,SYN-0000000011,SYN-0000000013,2026-08-06T23:30:00.000Z,330,Faridabad Sector 15,Synthetic routine dispatch/maintenance communication. Phone identities are defined only by the fictional source inventory.
SYN-d19a0c50df-COPPER-C-0462,SYN-0000000012,SYN-0000000014,2026-08-06T23:42:00.000Z,348,Delhi Cantonment,Synthetic routine dispatch/maintenance communication. Phone identities are defined only by the fictional source inventory.
SYN-d19a0c50df-COPPER-C-0463,SYN-0000000013,SYN-0000000015,2026-08-06T23:54:00.000Z,143,Noida Sector 62,Synthetic routine dispatch/maintenance communication. Phone identities are defined only by the fictional source inventory.
SYN-d19a0c50df-COPPER-C-0464,SYN-0000000014,SYN-0000000012,2026-08-07T00:06:00.000Z,432,Faridabad Sector 15,Synthetic routine dispatch/maintenance communication. Phone identities are defined only by the fictional source inventory.
SYN-d19a0c50df-COPPER-C-0465,SYN-0000000015,SYN-0000000011,2026-08-07T00:18:00.000Z,280,Delhi Cantonment,Synthetic routine dispatch/maintenance communication. Phone identities are defined only by the fictional source inventory.
SYN-d19a0c50df-COPPER-C-0466,SYN-0000000011,SYN-0000000013,2026-08-07T00:30:00.000Z,34,Noida Sector 62,Synthetic routine dispatch/maintenance communication. Phone identities are defined only by the fictional source inventory.
SYN-d19a0c50df-COPPER-C-0467,SYN-0000000012,SYN-0000000013,2026-08-07T00:42:00.000Z,482,Faridabad Sector 15,Synthetic routine dispatch/maintenance communication. Phone identities are defined only by the fictional source inventory.
SYN-d19a0c50df-COPPER-C-0468,SYN-0000000013,SYN-0000000014,2026-08-07T00:54:00.000Z,299,Delhi Cantonment,Synthetic routine dispatch/maintenance communication. Phone identities are defined only by the fictional source inventory.
SYN-d19a0c50df-COPPER-C-0469,SYN-0000000014,SYN-0000000011,2026-08-07T01:06:00.000Z,368,Noida Sector 62,Synthetic routine dispatch/maintenance communication. Phone identities are defined only by the fictional source inventory.
SYN-d19a0c50df-COPPER-C-0470,SYN-0000000015,SYN-0000000013,2026-08-07T01:18:00.000Z,447,Faridabad Sector 15,Synthetic routine dispatch/maintenance communication. Phone identities are defined only by the fictional source inventory.
SYN-d19a0c50df-COPPER-C-0471,SYN-0000000011,SYN-0000000014,2026-08-07T01:30:00.000Z,273,Delhi Cantonment,Synthetic routine dispatch/maintenance communication. Phone identities are defined only by the fictional source inventory.
SYN-d19a0c50df-COPPER-C-0472,SYN-0000000012,SYN-0000000015,2026-08-07T01:42:00.000Z,263,Noida Sector 62,Synthetic routine dispatch/maintenance communication. Phone identities are defined only by the fictional source inventory.
SYN-d19a0c50df-COPPER-C-0473,SYN-0000000013,SYN-0000000011,2026-08-07T01:54:00.000Z,137,Faridabad Sector 15,Synthetic routine dispatch/maintenance communication. Phone identities are defined only by the fictional source inventory.
SYN-d19a0c50df-COPPER-C-0474,SYN-0000000014,SYN-0000000015,2026-08-07T02:06:00.000Z,462,Delhi Cantonment,Synthetic routine dispatch/maintenance communication. Phone identities are defined only by the fictional source inventory.
SYN-d19a0c50df-COPPER-C-0475,SYN-0000000015,SYN-0000000012,2026-08-07T02:18:00.000Z,81,Noida Sector 62,Synthetic routine dispatch/maintenance communication. Phone identities are defined only by the fictional source inventory.
SYN-d19a0c50df-COPPER-C-0476,SYN-0000000011,SYN-0000000012,2026-08-07T02:30:00.000Z,0,Faridabad Sector 15,Synthetic unanswered call. Tower label alone does not prove subscriber location.
SYN-d19a0c50df-COPPER-C-0477,SYN-0000000012,SYN-0000000014,2026-08-07T02:44:00.000Z,493,Delhi Cantonment,Synthetic routine dispatch/maintenance communication. Phone identities are defined only by the fictional source inventory.
SYN-d19a0c50df-COPPER-C-0478,SYN-0000000013,SYN-0000000015,2026-08-07T02:54:00.000Z,385,Noida Sector 62,Synthetic routine dispatch/maintenance communication. Phone identities are defined only by the fictional source inventory.
SYN-d19a0c50df-COPPER-C-0479,SYN-0000000014,SYN-0000000011,2026-08-07T03:06:00.000Z,371,Faridabad Sector 15,Synthetic routine dispatch/maintenance communication. Phone identities are defined only by the fictional source inventory.
SYN-d19a0c50df-COPPER-C-0480,SYN-0000000015,SYN-0000000011,2026-08-07T03:18:00.000Z,177,Delhi Cantonment,Synthetic routine dispatch/maintenance communication. Phone identities are defined only by the fictional source inventory.
SYN-d19a0c50df-COPPER-C-0481,SYN-0000000011,SYN-0000000014,2026-08-07T03:30:00.000Z,415,Noida Sector 62,Synthetic routine dispatch/maintenance communication. Phone identities are defined only by the fictional source inventory.
SYN-d19a0c50df-COPPER-C-0482,SYN-0000000012,SYN-0000000014,2026-08-07T03:42:00.000Z,257,Faridabad Sector 15,Synthetic routine dispatch/maintenance communication. Phone identities are defined only by the fictional source inventory.
SYN-d19a0c50df-COPPER-C-0483,SYN-0000000013,SYN-0000000011,2026-08-07T03:54:00.000Z,443,Delhi Cantonment,Synthetic routine dispatch/maintenance communication. Phone identities are defined only by the fictional source inventory.
SYN-d19a0c50df-COPPER-C-0484,SYN-0000000014,SYN-0000000012,2026-08-07T04:06:00.000Z,164,Noida Sector 62,Synthetic routine dispatch/maintenance communication. Phone identities are defined only by the fictional source inventory.
SYN-d19a0c50df-COPPER-C-0485,SYN-0000000015,SYN-0000000011,2026-08-07T04:18:00.000Z,150,Faridabad Sector 15,Synthetic routine dispatch/maintenance communication. Phone identities are defined only by the fictional source inventory.
SYN-d19a0c50df-COPPER-C-0486,SYN-0000000011,SYN-0000000012,2026-08-07T04:30:00.000Z,463,Delhi Cantonment,Synthetic routine dispatch/maintenance communication. Phone identities are defined only by the fictional source inventory.
SYN-d19a0c50df-COPPER-C-0487,SYN-0000000012,SYN-0000000013,2026-08-07T04:42:00.000Z,480,Noida Sector 62,Synthetic routine dispatch/maintenance communication. Phone identities are defined only by the fictional source inventory.
SYN-d19a0c50df-COPPER-C-0488,SYN-0000000013,SYN-0000000014,2026-08-07T04:54:00.000Z,472,Faridabad Sector 15,Synthetic routine dispatch/maintenance communication. Phone identities are defined only by the fictional source inventory.
SYN-d19a0c50df-COPPER-C-0489,SYN-0000000014,SYN-0000000012,2026-08-07T05:06:00.000Z,348,Delhi Cantonment,Synthetic routine dispatch/maintenance communication. Phone identities are defined only by the fictional source inventory.
SYN-d19a0c50df-COPPER-C-0490,SYN-0000000015,SYN-0000000012,2026-08-07T05:18:00.000Z,291,Noida Sector 62,Synthetic routine dispatch/maintenance communication. Phone identities are defined only by the fictional source inventory.
SYN-d19a0c50df-COPPER-C-0491,SYN-0000000011,SYN-0000000013,2026-08-07T05:30:00.000Z,186,Faridabad Sector 15,Synthetic routine dispatch/maintenance communication. Phone identities are defined only by the fictional source inventory.
SYN-d19a0c50df-COPPER-C-0492,SYN-0000000012,SYN-0000000015,2026-08-07T05:42:00.000Z,204,Delhi Cantonment,Synthetic routine dispatch/maintenance communication. Phone identities are defined only by the fictional source inventory.
SYN-d19a0c50df-COPPER-C-0493,SYN-0000000013,SYN-0000000015,2026-08-07T05:54:00.000Z,363,Noida Sector 62,Synthetic routine dispatch/maintenance communication. Phone identities are defined only by the fictional source inventory.
SYN-d19a0c50df-COPPER-C-0494,SYN-0000000014,SYN-0000000015,2026-08-07T06:08:00.000Z,192,Faridabad Sector 15,Synthetic routine dispatch/maintenance communication. Phone identities are defined only by the fictional source inventory.
SYN-d19a0c50df-COPPER-C-0495,SYN-0000000015,SYN-0000000013,2026-08-07T06:18:00.000Z,0,Delhi Cantonment,Synthetic unanswered call. Tower label alone does not prove subscriber location.
SYN-d19a0c50df-COPPER-C-0496,SYN-0000000011,SYN-0000000014,2026-08-07T06:30:00.000Z,192,Noida Sector 62,Synthetic routine dispatch/maintenance communication. Phone identities are defined only by the fictional source inventory.
SYN-d19a0c50df-COPPER-C-0497,SYN-0000000012,SYN-0000000013,2026-08-07T06:42:00.000Z,25,Faridabad Sector 15,Synthetic routine dispatch/maintenance communication. Phone identities are defined only by the fictional source inventory.
SYN-d19a0c50df-COPPER-C-0498,SYN-0000000013,SYN-0000000014,2026-08-07T06:54:00.000Z,384,Delhi Cantonment,Synthetic routine dispatch/maintenance communication. Phone identities are defined only by the fictional source inventory.
SYN-d19a0c50df-COPPER-C-0499,SYN-0000000014,SYN-0000000011,2026-08-07T07:06:00.000Z,119,Noida Sector 62,Synthetic routine dispatch/maintenance communication. Phone identities are defined only by the fictional source inventory.
SYN-d19a0c50df-COPPER-C-0500,SYN-0000000015,SYN-0000000011,2026-08-07T07:18:00.000Z,65,Faridabad Sector 15,Synthetic routine dispatch/maintenance communication. Phone identities are defined only by the fictional source inventory.
