record_id,timestamp,source_entity,source_type,target_entity,target_type,relationship,location,confidence,source_note
SYN-d19a0c50df-EMBER-O-001,2026-08-10T04:30:00.000Z,Lavanya Shah,PERSON,+91 0000000046,PHONE,SOURCE_ASSIGNED_PHONE,Greater Noida Logistics Park,0.8,Explicit fictional inventory assignment for Lavanya Shah; it is not an inferred real subscriber identity.
SYN-d19a0c50df-EMBER-O-002,2026-08-10T05:10:00.000Z,Lavanya Shah,PERSON,SYN ember Services,ORG,SOURCE_LISTED_ROLE,Manesar Distribution Yard,0.8,Lavanya Shah is listed as dispatch coordinator in the fictional source inventory.
SYN-d19a0c50df-EMBER-O-003,2026-08-10T04:31:00.000Z,Mohit Yadav,PERSON,+91 0000000047,PHONE,SOURCE_ASSIGNED_PHONE,Nehru Place,0.8,Explicit fictional inventory assignment for Mohit Yadav; it is not an inferred real subscriber identity.
SYN-d19a0c50df-EMBER-O-004,2026-08-10T05:11:00.000Z,Mohit Yadav,PERSON,SYN ember Services,ORG,SOURCE_LISTED_ROLE,Greater Noida Logistics Park,0.8,Mohit Yadav is listed as supplier representative in the fictional source inventory.
SYN-d19a0c50df-EMBER-O-005,2026-08-10T04:32:00.000Z,Nadia Rizvi,PERSON,+91 0000000048,PHONE,SOURCE_ASSIGNED_PHONE,Manesar Distribution Yard,0.8,Explicit fictional inventory assignment for Nadia Rizvi; it is not an inferred real subscriber identity.
SYN-d19a0c50df-EMBER-O-006,2026-08-10T05:12:00.000Z,Nadia Rizvi,PERSON,SYN ember Services,ORG,SOURCE_LISTED_ROLE,Nehru Place,0.8,Nadia Rizvi is listed as accounts reviewer in the fictional source inventory.
SYN-d19a0c50df-EMBER-O-007,2026-08-10T04:33:00.000Z,Parth Mehra,PERSON,+91 0000000049,PHONE,SOURCE_ASSIGNED_PHONE,Greater Noida Logistics Park,0.8,Explicit fictional inventory assignment for Parth Mehra; it is not an inferred real subscriber identity.
SYN-d19a0c50df-EMBER-O-008,2026-08-10T05:13:00.000Z,Parth Mehra,PERSON,SYN ember Services,ORG,SOURCE_LISTED_ROLE,Manesar Distribution Yard,0.8,Parth Mehra is listed as field witness in the fictional source inventory.
SYN-d19a0c50df-EMBER-O-009,2026-08-10T04:34:00.000Z,Sonal Gupta,PERSON,+91 0000000050,PHONE,SOURCE_ASSIGNED_PHONE,Nehru Place,0.8,Explicit fictional inventory assignment for Sonal Gupta; it is not an inferred real subscriber identity.
SYN-d19a0c50df-EMBER-O-010,2026-08-10T05:14:00.000Z,Sonal Gupta,PERSON,SYN ember Services,ORG,SOURCE_LISTED_ROLE,Greater Noida Logistics Park,0.8,Sonal Gupta is listed as maintenance contractor in the fictional source inventory.
SYN-d19a0c50df-EMBER-O-011,2026-08-18T14:30:00.000Z,SYN-VEH-010,VEHICLE,Greater Noida Logistics Park,LOCATION,CAPTIONED_AT,Manesar Distribution Yard,0.85,"Staged scene caption: SYN-VEH-010 at Greater Noida Logistics Park; human-authored, not computer vision."
SYN-d19a0c50df-EMBER-O-012,2026-08-18T14:47:00.000Z,SYN-VEH-015,VEHICLE,Manesar Distribution Yard,LOCATION,CAPTIONED_AT,Nehru Place,0.65,Alternative staged vehicle observation; occupancy is unknown.
SYN-d19a0c50df-EMBER-O-013,2026-08-18T14:30:00.000Z,Parth Mehra,PERSON,SYN-VEH-010,VEHICLE,WITNESS_MENTION,Greater Noida Logistics Park,0.6,The dispatch team counted sealed boxes. The recipient recorded individual units and noted one damaged seal without identifying an occupant.
SYN-d19a0c50df-EMBER-O-014,2026-08-18T14:47:00.000Z,Sonal Gupta,PERSON,SYN-VEH-015,VEHICLE,ALTERNATIVE_ACCOUNT,Manesar Distribution Yard,0.65,An independent source gives a different time/vehicle: The dispatch team counted sealed boxes. The recipient recorded individual units and noted one damaged seal without identifying an occupant.
SYN-d19a0c50df-EMBER-O-015,2026-08-19T03:30:00.000Z,Lavanya Shah,PERSON,Ira Saxena,PERSON,SOURCE_MENTIONS_CONTACT,Nehru Place,0.75,Source review names Ira Saxena in another investigation. Shared identity is fictional; corroboration required.
SYN-d19a0c50df-EMBER-O-016,2026-08-16T03:30:00.000Z,SYN ember Services,ORG,A/C ending SYN-EMBER-01,ACCOUNT,SOURCE_LISTED_ACCOUNT,Greater Noida Logistics Park,0.8,Fictional supplier inventory names the account; not a verified legal ownership record.
SYN-d19a0c50df-EMBER-O-017,2026-08-17T03:30:00.000Z,Nadia Rizvi,PERSON,A/C ending SYN-SUMMIT-02,ACCOUNT,REVIEW_SHARED_REFERENCE,Manesar Distribution Yard,0.7,Cross-case account reference requires source-contract review.
SYN-d19a0c50df-EMBER-O-018,2026-08-15T03:30:00.000Z,SYN ember Services,ORG,Nehru Place,LOCATION,SOURCE_LISTED_DEPOT,Nehru Place,0.8,"Fictional depot record identifies a public neighborhood, not a private address."
SYN-d19a0c50df-EMBER-O-019,2026-08-18T14:10:00.000Z,SYN-VEH-010,VEHICLE,SYN ember Services,ORG,SOURCE_DISPATCHED_FOR,Greater Noida Logistics Park,0.8,Dispatch note lists SYN-VEH-010; it does not identify an occupant.
SYN-d19a0c50df-EMBER-O-020,2026-08-20T03:30:00.000Z,Mohit Yadav,PERSON,Manesar Distribution Yard,LOCATION,STATEMENT_MENTIONS,Manesar Distribution Yard,0.6,Source account mentions Manesar Distribution Yard; physical presence remains unverified.
