transaction_id,timestamp,from_entity,to_account,amount_inr,source_note
SYN-d19a0c50df-MIRROR-T-0001,2026-08-12T03:30:00.000Z,Varun Nanda,SYN-ORCHARD-02,245000,Synthetic larger settlement; supporting invoice/refund authorization still requires review.
SYN-d19a0c50df-MIRROR-T-0002,2026-08-12T04:05:00.000Z,Ayesha Mir,SYN-MIRROR-02,39937.04,Synthetic ordinary supplier settlement. INR amounts are invented.
SYN-d19a0c50df-MIRROR-T-0003,2026-08-12T04:40:00.000Z,Harsh Jain,SYN-MIRROR-01,72891.65,Synthetic ordinary supplier settlement. INR amounts are invented.
SYN-d19a0c50df-MIRROR-T-0004,2026-08-12T05:15:00.000Z,Naina Roy,SYN-MIRROR-02,48676.13,Synthetic ordinary supplier settlement. INR amounts are invented.
SYN-d19a0c50df-MIRROR-T-0005,2026-08-12T05:50:00.000Z,Yusuf Khan,SYN-MIRROR-01,31287.59,Synthetic ordinary supplier settlement. INR amounts are invented.
SYN-d19a0c50df-MIRROR-T-0006,2026-08-12T06:25:00.000Z,Varun Nanda,SYN-MIRROR-02,71531.01,Synthetic ordinary supplier settlement. INR amounts are invented.
SYN-d19a0c50df-MIRROR-T-0007,2026-08-12T07:00:00.000Z,Ayesha Mir,SYN-MIRROR-01,73480.28,Synthetic ordinary supplier settlement. INR amounts are invented.
SYN-d19a0c50df-MIRROR-T-0008,2026-08-12T07:35:00.000Z,Harsh Jain,SYN-MIRROR-02,27059.36,Synthetic ordinary supplier settlement. INR amounts are invented.
SYN-d19a0c50df-MIRROR-T-0009,2026-08-12T08:10:00.000Z,Naina Roy,SYN-MIRROR-01,4875.57,Synthetic ordinary supplier settlement. INR amounts are invented.
SYN-d19a0c50df-MIRROR-T-0010,2026-08-12T08:45:00.000Z,Yusuf Khan,SYN-MIRROR-02,34994.58,Synthetic ordinary supplier settlement. INR amounts are invented.
SYN-d19a0c50df-MIRROR-T-0011,2026-08-12T09:20:00.000Z,Varun Nanda,SYN-MIRROR-01,50536.71,Synthetic ordinary supplier settlement. INR amounts are invented.
SYN-d19a0c50df-MIRROR-T-0012,2026-08-12T09:55:00.000Z,Ayesha Mir,SYN-ORCHARD-02,44654.53,Synthetic ordinary supplier settlement. INR amounts are invented.
SYN-d19a0c50df-MIRROR-T-0013,2026-08-12T10:30:00.000Z,Harsh Jain,SYN-MIRROR-01,31065.63,Synthetic ordinary supplier settlement. INR amounts are invented.
SYN-d19a0c50df-MIRROR-T-0014,2026-08-12T11:05:00.000Z,Naina Roy,SYN-MIRROR-02,69274.93,Synthetic ordinary supplier settlement. INR amounts are invented.
SYN-d19a0c50df-MIRROR-T-0015,2026-08-12T11:40:00.000Z,Yusuf Khan,SYN-MIRROR-01,18824.51,Synthetic ordinary supplier settlement. INR amounts are invented.
SYN-d19a0c50df-MIRROR-T-0016,2026-08-12T12:15:00.000Z,Varun Nanda,SYN-MIRROR-02,32929.29,Synthetic ordinary supplier settlement. INR amounts are invented.
SYN-d19a0c50df-MIRROR-T-0017,2026-08-12T12:50:00.000Z,Ayesha Mir,SYN-MIRROR-01,18915.81,Synthetic ordinary supplier settlement. INR amounts are invented.
SYN-d19a0c50df-MIRROR-T-0018,2026-08-12T13:25:00.000Z,Harsh Jain,SYN-MIRROR-02,59036.36,Synthetic ordinary supplier settlement. INR amounts are invented.
SYN-d19a0c50df-MIRROR-T-0019,2026-08-12T14:00:00.000Z,Naina Roy,SYN-MIRROR-01,72244.52,Synthetic ordinary supplier settlement. INR amounts are invented.
SYN-d19a0c50df-MIRROR-T-0020,2026-08-12T14:35:00.000Z,Yusuf Khan,SYN-MIRROR-02,29724.39,Synthetic ordinary supplier settlement. INR amounts are invented.
SYN-d19a0c50df-MIRROR-T-0021,2026-08-12T15:10:00.000Z,Varun Nanda,SYN-MIRROR-01,68977.27,Synthetic ordinary supplier settlement. INR amounts are invented.
SYN-d19a0c50df-MIRROR-T-0022,2026-08-12T15:45:00.000Z,Ayesha Mir,SYN-MIRROR-02,15707.4,Synthetic ordinary supplier settlement. INR amounts are invented.
SYN-d19a0c50df-MIRROR-T-0023,2026-08-12T16:20:00.000Z,Harsh Jain,SYN-ORCHARD-02,38227.95,Synthetic ordinary supplier settlement. INR amounts are invented.
SYN-d19a0c50df-MIRROR-T-0024,2026-08-12T16:55:00.000Z,Naina Roy,SYN-MIRROR-02,71519.06,Synthetic ordinary supplier settlement. INR amounts are invented.
SYN-d19a0c50df-MIRROR-T-0025,2026-08-12T17:30:00.000Z,Yusuf Khan,SYN-MIRROR-01,54774.73,Synthetic ordinary supplier settlement. INR amounts are invented.
SYN-d19a0c50df-MIRROR-T-0026,2026-08-12T18:05:00.000Z,Varun Nanda,SYN-MIRROR-02,53132.32,Synthetic ordinary supplier settlement. INR amounts are invented.
SYN-d19a0c50df-MIRROR-T-0027,2026-08-12T18:40:00.000Z,Ayesha Mir,SYN-MIRROR-01,49487.72,Synthetic ordinary supplier settlement. INR amounts are invented.
SYN-d19a0c50df-MIRROR-T-0028,2026-08-12T19:15:00.000Z,Harsh Jain,SYN-MIRROR-02,48855.42,Synthetic ordinary supplier settlement. INR amounts are invented.
SYN-d19a0c50df-MIRROR-T-0029,2026-08-12T19:50:00.000Z,Naina Roy,SYN-MIRROR-01,37856.17,Synthetic ordinary supplier settlement. INR amounts are invented.
SYN-d19a0c50df-MIRROR-T-0030,2026-08-12T20:25:00.000Z,Yusuf Khan,SYN-MIRROR-02,62124.05,Synthetic ordinary supplier settlement. INR amounts are invented.
SYN-d19a0c50df-MIRROR-T-0031,2026-08-12T21:00:00.000Z,Varun Nanda,SYN-MIRROR-01,13987.69,Synthetic ordinary supplier settlement. INR amounts are invented.
SYN-d19a0c50df-MIRROR-T-0032,2026-08-12T21:35:00.000Z,Ayesha Mir,SYN-MIRROR-02,51094.12,Synthetic ordinary supplier settlement. INR amounts are invented.
SYN-d19a0c50df-MIRROR-T-0033,2026-08-12T22:10:00.000Z,Harsh Jain,SYN-MIRROR-01,31646.32,Synthetic ordinary supplier settlement. INR amounts are invented.
SYN-d19a0c50df-MIRROR-T-0034,2026-08-12T22:45:00.000Z,Naina Roy,SYN-ORCHARD-02,31965.37,Synthetic ordinary supplier settlement. INR amounts are invented.
SYN-d19a0c50df-MIRROR-T-0035,2026-08-12T23:20:00.000Z,Yusuf Khan,SYN-MIRROR-01,32738.92,Synthetic ordinary supplier settlement. INR amounts are invented.
SYN-d19a0c50df-MIRROR-T-0036,2026-08-12T23:55:00.000Z,Varun Nanda,SYN-MIRROR-02,20422.76,Synthetic ordinary supplier settlement. INR amounts are invented.
SYN-d19a0c50df-MIRROR-T-0037,2026-08-13T00:30:00.000Z,Ayesha Mir,SYN-MIRROR-01,48088.17,Synthetic ordinary supplier settlement. INR amounts are invented.
SYN-d19a0c50df-MIRROR-T-0038,2026-08-13T01:05:00.000Z,Harsh Jain,SYN-MIRROR-02,245000,Synthetic larger settlement; supporting invoice/refund authorization still requires review.
SYN-d19a0c50df-MIRROR-T-0039,2026-08-13T01:40:00.000Z,Naina Roy,SYN-MIRROR-01,35655.15,Synthetic ordinary supplier settlement. INR amounts are invented.
SYN-d19a0c50df-MIRROR-T-0040,2026-08-13T02:15:00.000Z,Yusuf Khan,SYN-MIRROR-02,8782.58,Synthetic ordinary supplier settlement. INR amounts are invented.
SYN-d19a0c50df-MIRROR-T-0041,2026-08-13T02:50:00.000Z,Varun Nanda,SYN-MIRROR-01,28789.24,Synthetic ordinary supplier settlement. INR amounts are invented.
SYN-d19a0c50df-MIRROR-T-0042,2026-08-13T03:25:00.000Z,Ayesha Mir,SYN-MIRROR-02,29807.01,Synthetic ordinary supplier settlement. INR amounts are invented.
SYN-d19a0c50df-MIRROR-T-0043,2026-08-13T04:00:00.000Z,Harsh Jain,SYN-MIRROR-01,39446.64,Synthetic ordinary supplier settlement. INR amounts are invented.
SYN-d19a0c50df-MIRROR-T-0044,2026-08-13T04:35:00.000Z,Naina Roy,SYN-MIRROR-02,9468.68,Synthetic ordinary supplier settlement. INR amounts are invented.
SYN-d19a0c50df-MIRROR-T-0045,2026-08-13T05:10:00.000Z,Yusuf Khan,SYN-ORCHARD-02,35181.65,Synthetic ordinary supplier settlement. INR amounts are invented.
SYN-d19a0c50df-MIRROR-T-0046,2026-08-13T05:45:00.000Z,Varun Nanda,SYN-MIRROR-02,39281.23,Synthetic ordinary supplier settlement. INR amounts are invented.
SYN-d19a0c50df-MIRROR-T-0047,2026-08-13T06:20:00.000Z,Ayesha Mir,SYN-MIRROR-01,15974.6,Synthetic ordinary supplier settlement. INR amounts are invented.
SYN-d19a0c50df-MIRROR-T-0048,2026-08-13T06:55:00.000Z,Harsh Jain,SYN-MIRROR-02,37890.08,Synthetic ordinary supplier settlement. INR amounts are invented.
SYN-d19a0c50df-MIRROR-T-0049,2026-08-13T07:30:00.000Z,Naina Roy,SYN-MIRROR-01,24426.88,Synthetic ordinary supplier settlement. INR amounts are invented.
SYN-d19a0c50df-MIRROR-T-0050,2026-08-13T08:05:00.000Z,Yusuf Khan,SYN-MIRROR-02,45254.39,Synthetic ordinary supplier settlement. INR amounts are invented.
