canonical_name,entity_type,label_hi,properties_json,source_note
Varun Nanda,PERSON,,"{""role"":""dispatch coordinator"",""age_band"":""25-34"",""review_status"":""source-named participant"",""occupation"":""dispatch coordinator"",""synthetic"":true}",Explicitly authored fictional source inventory; not inferred recognition.
+91 0000000026,PHONE,,"{""identifier_kind"":""non-dialable fictional test code"",""ownership_basis"":""explicit synthetic inventory"",""synthetic"":true}",Explicitly authored fictional source inventory; not inferred recognition.
Ayesha Mir,PERSON,,"{""role"":""supplier representative"",""age_band"":""35-44"",""review_status"":""source-named participant"",""occupation"":""supplier representative"",""synthetic"":true}",Explicitly authored fictional source inventory; not inferred recognition.
+91 0000000027,PHONE,,"{""identifier_kind"":""non-dialable fictional test code"",""ownership_basis"":""explicit synthetic inventory"",""synthetic"":true}",Explicitly authored fictional source inventory; not inferred recognition.
Harsh Jain,PERSON,,"{""role"":""accounts reviewer"",""age_band"":""45-54"",""review_status"":""source-named participant"",""occupation"":""accounts reviewer"",""synthetic"":true}",Explicitly authored fictional source inventory; not inferred recognition.
+91 0000000028,PHONE,,"{""identifier_kind"":""non-dialable fictional test code"",""ownership_basis"":""explicit synthetic inventory"",""synthetic"":true}",Explicitly authored fictional source inventory; not inferred recognition.
Naina Roy,PERSON,,"{""role"":""field witness"",""age_band"":""25-34"",""review_status"":""witness statement requires corroboration"",""occupation"":""field witness"",""synthetic"":true}",Explicitly authored fictional source inventory; not inferred recognition.
+91 0000000029,PHONE,,"{""identifier_kind"":""non-dialable fictional test code"",""ownership_basis"":""explicit synthetic inventory"",""synthetic"":true}",Explicitly authored fictional source inventory; not inferred recognition.
Yusuf Khan,PERSON,,"{""role"":""maintenance contractor"",""age_band"":""35-44"",""review_status"":""source-named participant"",""occupation"":""maintenance contractor"",""synthetic"":true}",Explicitly authored fictional source inventory; not inferred recognition.
+91 0000000030,PHONE,,"{""identifier_kind"":""non-dialable fictional test code"",""ownership_basis"":""explicit synthetic inventory"",""synthetic"":true}",Explicitly authored fictional source inventory; not inferred recognition.
Aditya Sen,PERSON,,"{""role"":""source-named cross-case contact"",""synthetic"":true}",Explicitly authored fictional source inventory; not inferred recognition.
SYN-VEH-006,VEHICLE,,"{""make"":""fictional compact van"",""color"":""white"",""plate_kind"":""non-registrable synthetic identifier"",""synthetic"":true}",Explicitly authored fictional source inventory; not inferred recognition.
SYN-VEH-011,VEHICLE,,"{""make"":""fictional utility vehicle"",""color"":""grey"",""plate_kind"":""non-registrable synthetic identifier"",""synthetic"":true}",Explicitly authored fictional source inventory; not inferred recognition.
SYN mirror Services,ORG,,"{""sector"":""logistics/service support"",""registration"":""SYN-ORG-DEMO"",""status"":""fictional business"",""synthetic"":true}",Explicitly authored fictional source inventory; not inferred recognition.
A/C ending SYN-MIRROR-01,ACCOUNT,,"{""bank"":""Synthetic Cooperative Bank"",""currency"":""INR"",""synthetic"":true}",Explicitly authored fictional source inventory; not inferred recognition.
A/C ending SYN-MIRROR-02,ACCOUNT,,"{""bank"":""Synthetic Cooperative Bank"",""currency"":""INR"",""synthetic"":true}",Explicitly authored fictional source inventory; not inferred recognition.
A/C ending SYN-ORCHARD-02,ACCOUNT,,"{""bank"":""Synthetic Cooperative Bank"",""currency"":""INR"",""review_note"":""shared reference is not ownership proof"",""synthetic"":true}",Explicitly authored fictional source inventory; not inferred recognition.
Karol Bagh,LOCATION,,"{""lat"":28.651,""lng"":77.19,""coordinate_precision"":""approximate neighborhood, not private address"",""synthetic"":true}",Explicitly authored fictional source inventory; not inferred recognition.
Lajpat Nagar,LOCATION,,"{""lat"":28.568,""lng"":77.244,""coordinate_precision"":""approximate neighborhood, not private address"",""synthetic"":true}",Explicitly authored fictional source inventory; not inferred recognition.
Connaught Place,LOCATION,,"{""lat"":28.6315,""lng"":77.2167,""coordinate_precision"":""approximate neighborhood, not private address"",""synthetic"":true}",Explicitly authored fictional source inventory; not inferred recognition.
